Image name, L1_distance, L2_distance 
ProstateX-0301tra0.jpg, 35001840, 89892.22647148084 
ProstateX-0301tra1.jpg, 33749046, 88295.85573513628 
ProstateX-0301tra10.jpg, 34249839, 89986.22519585984 
ProstateX-0301tra11.jpg, 29766789, 84003.62740382108 
ProstateX-0301tra12.jpg, 34968873, 90548.22767453817 
ProstateX-0301tra13.jpg, 31806582, 86783.43106837849 
ProstateX-0301tra14.jpg, 28399971, 81459.7962248863 
ProstateX-0301tra15.jpg, 31034343, 83868.53728902157 
ProstateX-0301tra16.jpg, 30996477, 83627.854121698 
ProstateX-0301tra17.jpg, 33362949, 87531.04880555242 
ProstateX-0301tra18.jpg, 35246112, 89069.87746707638 
ProstateX-0301tra2.jpg, 33280206, 88483.01053874692 
ProstateX-0301tra3.jpg, 31066566, 85593.3560856215 
ProstateX-0301tra4.jpg, 31772505, 87024.30589783523 
ProstateX-0301tra5.jpg, 36078963, 92662.13671721584 
ProstateX-0301tra6.jpg, 29269461, 83182.1166657834 
ProstateX-0301tra7.jpg, 32443701, 87600.34385206488 
ProstateX-0301tra8.jpg, 37163151, 93415.14950477786 
ProstateX-0301tra9.jpg, 38827794, 94490.51482556331 
ProstateX-0302tra0.jpg, 29252913, 82115.0976313126 
ProstateX-0302tra1.jpg, 30903240, 84585.94145601266 
ProstateX-0302tra10.jpg, 36591105, 91858.22772620861 
ProstateX-0302tra11.jpg, 35664015, 91179.31974411741 
ProstateX-0302tra12.jpg, 35561802, 90904.96266981248 
ProstateX-0302tra13.jpg, 36834621, 91961.07145417565 
ProstateX-0302tra14.jpg, 36204756, 91318.70140338177 
ProstateX-0302tra15.jpg, 37970772, 92247.76072078932 
ProstateX-0302tra16.jpg, 38557005, 93429.48325341418 
ProstateX-0302tra17.jpg, 35771376, 90543.99663147193 
ProstateX-0302tra18.jpg, 39183483, 94630.94909700526 
ProstateX-0302tra19.jpg, 38463495, 92660.01783401512 
ProstateX-0302tra2.jpg, 38179518, 93503.55813550626 
ProstateX-0302tra20.jpg, 39033408, 94302.17589218183 
ProstateX-0302tra21.jpg, 39734283, 93625.97657167587 
ProstateX-0302tra22.jpg, 40737555, 96393.81599978289 
ProstateX-0302tra3.jpg, 37981203, 93278.21371038363 
ProstateX-0302tra4.jpg, 37102764, 92202.26657734613 
ProstateX-0302tra5.jpg, 37072227, 92364.67030742869 
ProstateX-0302tra6.jpg, 38172579, 93784.38794916775 
ProstateX-0302tra7.jpg, 36915453, 92660.86570392056 
ProstateX-0302tra8.jpg, 39801777, 94161.55933819278 
ProstateX-0302tra9.jpg, 35130777, 89831.8895103515 
ProstateX-0303tra0.jpg, 35907582, 91085.4388362926 
ProstateX-0303tra1.jpg, 38796231, 94708.0276164592 
ProstateX-0303tra10.jpg, 36793032, 91454.11665966711 
ProstateX-0303tra11.jpg, 36909762, 90945.98246211869 
ProstateX-0303tra12.jpg, 40030773, 93754.16203561312 
ProstateX-0303tra13.jpg, 37107852, 91496.50511358344 
ProstateX-0303tra14.jpg, 36779685, 90815.7976841034 
ProstateX-0303tra15.jpg, 36208584, 90594.15004292496 
ProstateX-0303tra16.jpg, 36132759, 90462.20277552388 
ProstateX-0303tra17.jpg, 36031824, 89829.49251776947 
ProstateX-0303tra18.jpg, 39567426, 93720.9330619366 
ProstateX-0303tra2.jpg, 34939758, 90653.63276780474 
ProstateX-0303tra3.jpg, 33804075, 87934.5639723084 
ProstateX-0303tra4.jpg, 34791810, 90211.37980321552 
ProstateX-0303tra5.jpg, 35882997, 91406.62443718179 
ProstateX-0303tra6.jpg, 39895245, 96119.70132600288 
ProstateX-0303tra7.jpg, 34957464, 90634.44944390625 
ProstateX-0303tra8.jpg, 35947032, 91293.31909838748 
ProstateX-0303tra9.jpg, 36939576, 92176.28231817554 
ProstateX-0304tra0.jpg, 37315263, 91911.99979872051 
ProstateX-0304tra1.jpg, 38547792, 93211.85691745444 
ProstateX-0304tra10.jpg, 35557281, 91150.13608876291 
ProstateX-0304tra11.jpg, 35217318, 90686.5179946832 
ProstateX-0304tra12.jpg, 34895571, 90236.43731331595 
ProstateX-0304tra13.jpg, 35812512, 91118.86035283803 
ProstateX-0304tra14.jpg, 33507849, 88762.23120787354 
ProstateX-0304tra15.jpg, 33359775, 88574.13784508433 
ProstateX-0304tra16.jpg, 35257113, 90719.92041993864 
ProstateX-0304tra18.jpg, 33450597, 88157.410993064 
ProstateX-0304tra2.jpg, 36245661, 92025.85952328834 
ProstateX-0304tra3.jpg, 36255441, 91238.41284787894 
ProstateX-0304tra4.jpg, 35950629, 91193.33253588225 
ProstateX-0304tra5.jpg, 36574668, 92278.88767209974 
ProstateX-0304tra6.jpg, 31197300, 85518.01101522415 
ProstateX-0304tra7.jpg, 31689717, 86040.07839954588 
ProstateX-0304tra8.jpg, 31368339, 85859.69058295051 
ProstateX-0304tra9.jpg, 34277466, 89746.06352370002 
ProstateX-0305tra0.jpg, 35233077, 90898.24003246707 
ProstateX-0305tra1.jpg, 31995063, 85387.37601659862 
ProstateX-0305tra11.jpg, 37878477, 93485.1148632765 
ProstateX-0305tra12.jpg, 37766481, 92880.8958451629 
ProstateX-0305tra13.jpg, 37593186, 92922.86452752088 
ProstateX-0305tra14.jpg, 37103832, 92961.17292719579 
ProstateX-0305tra15.jpg, 38731824, 95061.87702754454 
ProstateX-0305tra16.jpg, 38256267, 94223.69181368346 
ProstateX-0305tra17.jpg, 40434627, 96806.61303340801 
ProstateX-0305tra18.jpg, 38677902, 93698.77880741029 
ProstateX-0305tra2.jpg, 33877941, 88128.26182899559 
ProstateX-0305tra3.jpg, 34467831, 89435.6457962931 
ProstateX-0305tra4.jpg, 35798991, 91418.10464563352 
ProstateX-0305tra5.jpg, 31688796, 86488.53762204561 
ProstateX-0305tra6.jpg, 36294570, 92902.09288277633 
ProstateX-0305tra7.jpg, 29606628, 83654.3634008412 
ProstateX-0305tra8.jpg, 32461572, 87448.91457302372 
ProstateX-0305tra9.jpg, 33045306, 88361.71127813222 
ProstateX-0306tra0.jpg, 36014112, 89063.56736623567 
ProstateX-0306tra1.jpg, 33141885, 86178.0494151498 
ProstateX-0306tra10.jpg, 38010846, 91313.41638554545 
ProstateX-0306tra11.jpg, 37419921, 90544.90723944666 
ProstateX-0306tra12.jpg, 35475483, 90028.3055988504 
ProstateX-0306tra13.jpg, 37684893, 91006.36201387242 
ProstateX-0306tra14.jpg, 35406873, 89708.2913726485 
ProstateX-0306tra15.jpg, 35453565, 89075.68824881456 
ProstateX-0306tra16.jpg, 38576730, 91671.35803510276 
ProstateX-0306tra17.jpg, 36980319, 91182.10460940239 
ProstateX-0306tra2.jpg, 33949638, 87794.05270290238 
ProstateX-0306tra3.jpg, 32977002, 86186.89733364347 
ProstateX-0306tra4.jpg, 33233925, 86598.92740097882 
ProstateX-0306tra5.jpg, 30551292, 83350.43476791227 
ProstateX-0306tra6.jpg, 35270613, 89326.85338127612 
ProstateX-0306tra7.jpg, 35356263, 90348.80370541716 
ProstateX-0306tra8.jpg, 36772047, 91674.7423394252 
ProstateX-0306tra9.jpg, 38513502, 91342.33396404977 
ProstateX-0307tra0.jpg, 37756521, 92701.67061601425 
ProstateX-0307tra1.jpg, 35632341, 90161.63620409736 
ProstateX-0307tra10.jpg, 34784325, 90180.783446364 
ProstateX-0307tra11.jpg, 36934098, 92545.1850611365 
ProstateX-0307tra12.jpg, 37663257, 93383.34937771295 
ProstateX-0307tra13.jpg, 35264004, 90674.41179296395 
ProstateX-0307tra14.jpg, 40764426, 95867.25465976378 
ProstateX-0307tra15.jpg, 38825538, 94123.79643852026 
ProstateX-0307tra16.jpg, 37598070, 93214.47202017506 
ProstateX-0307tra17.jpg, 35984313, 90070.90841664694 
ProstateX-0307tra18.jpg, 32179677, 87251.9389526674 
ProstateX-0307tra2.jpg, 37155147, 92082.4451836505 
ProstateX-0307tra3.jpg, 36399939, 90748.25484272411 
ProstateX-0307tra4.jpg, 32916750, 86892.97296099381 
ProstateX-0307tra5.jpg, 36063990, 91469.62069452349 
ProstateX-0307tra6.jpg, 38732922, 94673.80699010682 
ProstateX-0307tra7.jpg, 35134026, 91145.51089329633 
ProstateX-0307tra8.jpg, 37779417, 93719.12037039187 
ProstateX-0308tra0.jpg, 37950978, 93879.58669487206 
ProstateX-0308tra1.jpg, 38810424, 93731.92107281275 
ProstateX-0308tra10.jpg, 39089721, 93949.06540780488 
ProstateX-0308tra11.jpg, 39458115, 95058.26274974733 
ProstateX-0308tra12.jpg, 34388790, 89451.53420707774 
ProstateX-0308tra13.jpg, 35921754, 90577.32159873133 
ProstateX-0308tra14.jpg, 35199102, 89757.22739701801 
ProstateX-0308tra15.jpg, 36411696, 91083.6760127741 
ProstateX-0308tra16.jpg, 36245277, 90756.92338879718 
ProstateX-0308tra17.jpg, 31350429, 85251.24756271899 
ProstateX-0308tra18.jpg, 35029980, 89386.4812261899 
ProstateX-0308tra19.jpg, 38312877, 93497.26488512913 
ProstateX-0308tra2.jpg, 36955641, 92462.12059540923 
ProstateX-0308tra20.jpg, 36729171, 91842.73640849341 
ProstateX-0308tra3.jpg, 35510439, 90887.78744693921 
ProstateX-0308tra4.jpg, 38547846, 94424.00858891768 
ProstateX-0308tra5.jpg, 37894404, 92543.2251004902 
ProstateX-0308tra6.jpg, 38689665, 93260.25135608418 
ProstateX-0308tra7.jpg, 38432748, 93064.29877240788 
ProstateX-0308tra8.jpg, 39025326, 93980.60170056371 
ProstateX-0308tra9.jpg, 39139113, 93771.10484045712 
ProstateX-0309tra0.jpg, 40108590, 97571.38589771082 
ProstateX-0309tra1.jpg, 32633625, 87451.61547392936 
ProstateX-0309tra10.jpg, 38626698, 94620.2444511744 
ProstateX-0309tra11.jpg, 36044880, 91812.60122662902 
ProstateX-0309tra12.jpg, 35472741, 90801.1372450808 
ProstateX-0309tra13.jpg, 36374238, 91167.4239846668 
ProstateX-0309tra14.jpg, 34713990, 89225.84254575576 
ProstateX-0309tra15.jpg, 37363464, 92424.0433004313 
ProstateX-0309tra16.jpg, 35636541, 90436.23611694596 
ProstateX-0309tra17.jpg, 36196818, 90334.78330078619 
ProstateX-0309tra18.jpg, 36284631, 91511.82735034854 
ProstateX-0309tra19.jpg, 30304083, 84497.75113575508 
ProstateX-0309tra2.jpg, 39248127, 96094.4007890158 
ProstateX-0309tra3.jpg, 37500144, 93854.7888282745 
ProstateX-0309tra4.jpg, 38553633, 95248.08670519319 
ProstateX-0309tra5.jpg, 39155205, 96146.4658476847 
ProstateX-0309tra6.jpg, 39157425, 96337.6788748826 
ProstateX-0309tra7.jpg, 40035939, 96542.49566382672 
ProstateX-0309tra8.jpg, 39292995, 96052.5180565299 
ProstateX-0309tra9.jpg, 38957778, 95347.2598242865 
ProstateX-0310tra0.jpg, 39367524, 96788.91936580343 
ProstateX-0310tra1.jpg, 32359389, 88045.97495059045 
ProstateX-0310tra10.jpg, 38486358, 94263.81376753224 
ProstateX-0310tra11.jpg, 38498301, 94905.95924914304 
ProstateX-0310tra12.jpg, 40334496, 95815.21437642354 
ProstateX-0310tra13.jpg, 40046697, 95404.13256772477 
ProstateX-0310tra14.jpg, 38968119, 94375.86200401033 
ProstateX-0310tra15.jpg, 38084190, 92159.73115195161 
ProstateX-0310tra16.jpg, 38330742, 93644.44995833976 
ProstateX-0310tra17.jpg, 39160128, 95649.3015865772 
ProstateX-0310tra18.jpg, 40929879, 96752.31068558518 
ProstateX-0310tra2.jpg, 36017994, 92217.19768025918 
ProstateX-0310tra3.jpg, 33203553, 88324.30375044006 
ProstateX-0310tra4.jpg, 33512862, 88807.30280782093 
ProstateX-0310tra5.jpg, 32684934, 87468.51412937115 
ProstateX-0310tra6.jpg, 36424203, 92133.86300921068 
ProstateX-0310tra7.jpg, 36063231, 91664.38265215121 
ProstateX-0310tra8.jpg, 35751954, 91118.74686363943 
ProstateX-0310tra9.jpg, 34522296, 89951.46507978623 
ProstateX-0311tra0.jpg, 36955188, 92482.10501497032 
ProstateX-0311tra1.jpg, 34677552, 89964.06259168158 
ProstateX-0311tra10.jpg, 35138376, 90191.39631916117 
ProstateX-0311tra11.jpg, 37710096, 92775.30533498664 
ProstateX-0311tra12.jpg, 32270487, 85664.93759409389 
ProstateX-0311tra13.jpg, 28017741, 80047.6101142314 
ProstateX-0311tra14.jpg, 33855588, 87052.93723936028 
ProstateX-0311tra15.jpg, 35496174, 89634.8427231286 
ProstateX-0311tra16.jpg, 37111902, 91323.18562117728 
ProstateX-0311tra17.jpg, 37857381, 93186.81518863063 
ProstateX-0311tra18.jpg, 38878563, 94658.0964682895 
ProstateX-0311tra2.jpg, 38818902, 94606.76441988701 
ProstateX-0311tra3.jpg, 34565607, 89829.44424296524 
ProstateX-0311tra4.jpg, 33403452, 88655.79033543156 
ProstateX-0311tra5.jpg, 32560362, 86645.93760817642 
ProstateX-0311tra6.jpg, 35872599, 90402.6190494501 
ProstateX-0311tra7.jpg, 37158114, 91612.50165779778 
ProstateX-0311tra8.jpg, 37629666, 92073.88121503296 
ProstateX-0311tra9.jpg, 37687500, 92686.48234775123 
ProstateX-0312tra0.jpg, 28640463, 80430.26913420096 
ProstateX-0312tra1.jpg, 30105645, 81989.77008749323 
ProstateX-0312tra10.jpg, 35402919, 90336.29099647605 
ProstateX-0312tra11.jpg, 33134703, 87898.42696544688 
ProstateX-0312tra12.jpg, 37237494, 91814.86889387797 
ProstateX-0312tra13.jpg, 35479347, 90086.16150663764 
ProstateX-0312tra14.jpg, 31158492, 85090.30900167186 
ProstateX-0312tra15.jpg, 30886107, 84744.28357712395 
ProstateX-0312tra16.jpg, 36366750, 90496.35316409165 
ProstateX-0312tra17.jpg, 36521952, 90467.09132054595 
ProstateX-0312tra18.jpg, 34314921, 88850.62288470464 
ProstateX-0312tra2.jpg, 30488346, 83221.48672067809 
ProstateX-0312tra3.jpg, 30560460, 83467.11367958042 
ProstateX-0312tra4.jpg, 29476962, 82530.77600507582 
ProstateX-0312tra5.jpg, 32644521, 86576.5072580316 
ProstateX-0312tra6.jpg, 31443933, 85133.29087378216 
ProstateX-0312tra7.jpg, 33954141, 88154.79138991822 
ProstateX-0312tra8.jpg, 35376234, 89890.33972569021 
ProstateX-0312tra9.jpg, 35185926, 89992.41934740948 
ProstateX-0313tra0.jpg, 37351209, 93031.56836794702 
ProstateX-0313tra1.jpg, 38185983, 94455.01029061402 
ProstateX-0313tra10.jpg, 31600764, 86240.17728414059 
ProstateX-0313tra11.jpg, 31399449, 85799.7157512774 
ProstateX-0313tra12.jpg, 23446935, 73202.90938890338 
ProstateX-0313tra13.jpg, 19251039, 65193.037918170376 
ProstateX-0313tra14.jpg, 23435583, 72887.02582078651 
ProstateX-0313tra15.jpg, 30836367, 84430.08537837683 
ProstateX-0313tra16.jpg, 38669355, 93992.66793213181 
ProstateX-0313tra17.jpg, 39293949, 95360.49686846226 
ProstateX-0313tra18.jpg, 39799968, 95321.8354313428 
ProstateX-0313tra19.jpg, 37883649, 93316.83203474066 
ProstateX-0313tra2.jpg, 38355738, 94900.09383557005 
ProstateX-0313tra20.jpg, 36970068, 91744.78421141989 
ProstateX-0313tra21.jpg, 39110499, 94338.3684245175 
ProstateX-0313tra22.jpg, 37900104, 93849.06126328596 
ProstateX-0313tra23.jpg, 35284758, 91175.27720824325 
ProstateX-0313tra24.jpg, 38733957, 94586.9206761696 
ProstateX-0313tra3.jpg, 34755843, 90499.66830325955 
ProstateX-0313tra4.jpg, 37208658, 93303.1193369225 
ProstateX-0313tra5.jpg, 34403388, 89706.21998501553 
ProstateX-0313tra6.jpg, 39171903, 94948.55997328238 
ProstateX-0313tra7.jpg, 37336227, 93448.57287834844 
ProstateX-0313tra8.jpg, 37811982, 94330.58143571469 
ProstateX-0313tra9.jpg, 32757699, 87905.1020191661 
ProstateX-0314tra0.jpg, 33402747, 87771.76357462576 
ProstateX-0314tra1.jpg, 27437370, 79950.56142391996 
ProstateX-0314tra10.jpg, 36156342, 92073.37090603341 
ProstateX-0314tra11.jpg, 34380969, 90034.51666444376 
ProstateX-0314tra12.jpg, 34739379, 90369.33847826927 
ProstateX-0314tra13.jpg, 37015569, 92748.05180164163 
ProstateX-0314tra14.jpg, 37907238, 93301.90940168373 
ProstateX-0314tra15.jpg, 39138744, 94201.91568115799 
ProstateX-0314tra16.jpg, 39681306, 94401.7162555851 
ProstateX-0314tra17.jpg, 39175476, 92005.83573882692 
ProstateX-0314tra18.jpg, 39259149, 92220.15307404342 
ProstateX-0314tra2.jpg, 29926821, 84116.59124691157 
ProstateX-0314tra3.jpg, 28950234, 82744.19869694793 
ProstateX-0314tra4.jpg, 30568356, 85057.92703798982 
ProstateX-0314tra5.jpg, 33368991, 88885.74713079707 
ProstateX-0314tra6.jpg, 38472378, 94763.1671800811 
ProstateX-0314tra7.jpg, 38968875, 94613.75202897305 
ProstateX-0314tra8.jpg, 36573066, 92166.37692781462 
ProstateX-0314tra9.jpg, 36836190, 91569.48116048273 
ProstateX-0315tra0.jpg, 37848543, 93991.47083113446 
ProstateX-0315tra1.jpg, 40089231, 96903.6262324584 
ProstateX-0315tra10.jpg, 38694342, 94739.35148606412 
ProstateX-0315tra11.jpg, 38223750, 94131.22945122942 
ProstateX-0315tra12.jpg, 39783435, 95396.91006002239 
ProstateX-0315tra13.jpg, 39077847, 95201.54721956991 
ProstateX-0315tra14.jpg, 41562105, 97446.51589974882 
ProstateX-0315tra15.jpg, 41493432, 97777.53607040831 
ProstateX-0315tra16.jpg, 42142698, 98823.68205040733 
ProstateX-0315tra17.jpg, 40984779, 98028.32159636317 
ProstateX-0315tra18.jpg, 41056503, 98478.7110648794 
ProstateX-0315tra19.jpg, 41722254, 98489.78248529133 
ProstateX-0315tra2.jpg, 36928923, 93019.83399791681 
ProstateX-0315tra20.jpg, 38661663, 95335.05186970845 
ProstateX-0315tra3.jpg, 34178910, 89703.38986905679 
ProstateX-0315tra4.jpg, 36952230, 93497.6397670016 
ProstateX-0315tra5.jpg, 38262063, 94913.66794619203 
ProstateX-0315tra6.jpg, 32194917, 87322.5346001821 
ProstateX-0315tra7.jpg, 33672666, 88947.5809789114 
ProstateX-0315tra8.jpg, 35880354, 91596.81707352062 
ProstateX-0315tra9.jpg, 38863746, 94918.81102289472 
ProstateX-0316tra0.jpg, 33955059, 89023.65936648527 
ProstateX-0316tra1.jpg, 33949233, 89060.8500689276 
ProstateX-0316tra10.jpg, 36443589, 91146.49557168942 
ProstateX-0316tra11.jpg, 36155502, 91060.32106246936 
ProstateX-0316tra12.jpg, 34477839, 89361.77657701306 
ProstateX-0316tra13.jpg, 35318511, 90700.34739183748 
ProstateX-0316tra14.jpg, 37178142, 92393.7304041784 
ProstateX-0316tra15.jpg, 38139774, 92328.54581330738 
ProstateX-0316tra16.jpg, 37769790, 92914.84672537538 
ProstateX-0316tra17.jpg, 35531538, 89880.34162151365 
ProstateX-0316tra18.jpg, 37062510, 92262.86069703237 
ProstateX-0316tra2.jpg, 34966743, 90049.63309753127 
ProstateX-0316tra3.jpg, 34526676, 89320.98991838368 
ProstateX-0316tra4.jpg, 37602402, 92375.60226596631 
ProstateX-0316tra5.jpg, 36042021, 91257.34816988712 
ProstateX-0316tra6.jpg, 37540635, 93342.43361408572 
ProstateX-0316tra7.jpg, 34698135, 90396.52653172023 
ProstateX-0316tra8.jpg, 35983230, 91969.90159829464 
ProstateX-0316tra9.jpg, 36401415, 91838.92767775548 
ProstateX-0317tra0.jpg, 31925748, 86941.52027656291 
ProstateX-0317tra1.jpg, 36766389, 93341.85477587211 
ProstateX-0317tra10.jpg, 40116300, 95970.73382026418 
ProstateX-0317tra11.jpg, 40184628, 95159.55267864598 
ProstateX-0317tra12.jpg, 39748596, 95260.88363016584 
ProstateX-0317tra13.jpg, 38264238, 92672.76224436174 
ProstateX-0317tra14.jpg, 38796765, 93711.99452044546 
ProstateX-0317tra15.jpg, 37189581, 92262.64744196321 
ProstateX-0317tra16.jpg, 37545732, 92407.66997387176 
ProstateX-0317tra17.jpg, 38607381, 94195.85877839853 
ProstateX-0317tra18.jpg, 37696224, 92961.58261346458 
ProstateX-0317tra19.jpg, 38690541, 93083.19193603107 
ProstateX-0317tra2.jpg, 32235072, 87308.63400603631 
ProstateX-0317tra20.jpg, 38876637, 93491.98907393082 
ProstateX-0317tra3.jpg, 37658946, 94297.98773038585 
ProstateX-0317tra4.jpg, 34573308, 90243.76621130126 
ProstateX-0317tra5.jpg, 34229538, 89838.2021970609 
ProstateX-0317tra6.jpg, 38667738, 94378.71721950876 
ProstateX-0317tra7.jpg, 38867013, 94661.34928786934 
ProstateX-0317tra8.jpg, 38591676, 94065.83739062764 
ProstateX-0317tra9.jpg, 39122709, 95136.75521584705 
ProstateX-0318tra0.jpg, 38351196, 94285.74132921691 
ProstateX-0318tra1.jpg, 34938693, 89795.20304002882 
ProstateX-0318tra10.jpg, 39534495, 92993.85478084022 
ProstateX-0318tra11.jpg, 39777876, 93789.40467878022 
ProstateX-0318tra12.jpg, 38748462, 93106.04927715492 
ProstateX-0318tra13.jpg, 36723828, 91900.22822604958 
ProstateX-0318tra14.jpg, 37578864, 92796.56016254051 
ProstateX-0318tra15.jpg, 37146453, 92978.98783596217 
ProstateX-0318tra16.jpg, 38201379, 93804.47420565823 
ProstateX-0318tra17.jpg, 38168886, 92435.90227828146 
ProstateX-0318tra18.jpg, 38628432, 93878.4592225501 
ProstateX-0318tra19.jpg, 38842995, 93745.12923347004 
ProstateX-0318tra2.jpg, 36337122, 90890.3845409403 
ProstateX-0318tra20.jpg, 38010060, 92290.04571458398 
ProstateX-0318tra21.jpg, 39888483, 94997.6887350424 
ProstateX-0318tra22.jpg, 41633424, 97976.21520552832 
ProstateX-0318tra3.jpg, 35020473, 90004.77842314818 
ProstateX-0318tra4.jpg, 36770394, 91660.46689822173 
ProstateX-0318tra5.jpg, 36360960, 91640.73802627301 
ProstateX-0318tra6.jpg, 39716868, 95533.3171307267 
ProstateX-0318tra7.jpg, 39677286, 95341.99176648242 
ProstateX-0318tra8.jpg, 39231735, 94890.66099991083 
ProstateX-0318tra9.jpg, 39168849, 94432.83147825231 
ProstateX-0319tra0.jpg, 35018361, 89366.89110067554 
ProstateX-0319tra1.jpg, 34460268, 88369.0313967512 
ProstateX-0319tra10.jpg, 37380660, 92692.20983448393 
ProstateX-0319tra11.jpg, 35509683, 91215.72290455193 
ProstateX-0319tra12.jpg, 36979899, 92144.69223455033 
ProstateX-0319tra13.jpg, 35530659, 90557.71259809956 
ProstateX-0319tra14.jpg, 35017542, 89789.34326522273 
ProstateX-0319tra15.jpg, 37488561, 92889.62028666066 
ProstateX-0319tra16.jpg, 38975358, 92953.84861316932 
ProstateX-0319tra17.jpg, 35805273, 90556.86796151908 
ProstateX-0319tra18.jpg, 36725961, 89574.26222414561 
ProstateX-0319tra19.jpg, 37088688, 91478.26856691156 
ProstateX-0319tra2.jpg, 37433802, 92287.13714272428 
ProstateX-0319tra20.jpg, 34023453, 89288.50125856072 
ProstateX-0319tra3.jpg, 40054557, 96187.66206224164 
ProstateX-0319tra4.jpg, 35649333, 90991.61312450725 
ProstateX-0319tra5.jpg, 34824831, 90387.10023559778 
ProstateX-0319tra6.jpg, 38134125, 94259.29826282391 
ProstateX-0319tra7.jpg, 38421261, 94364.0217402798 
ProstateX-0319tra8.jpg, 36853302, 92394.40148623724 
ProstateX-0319tra9.jpg, 37396314, 92723.99563219868 
ProstateX-0320tra0.jpg, 36400038, 92751.91222826621 
ProstateX-0320tra1.jpg, 40701444, 96867.15338028676 
ProstateX-0320tra10.jpg, 39576915, 95952.83020838936 
ProstateX-0320tra11.jpg, 37168173, 93142.91910284969 
ProstateX-0320tra12.jpg, 33930999, 89521.88059351748 
ProstateX-0320tra13.jpg, 38689638, 94219.06173381266 
ProstateX-0320tra14.jpg, 40329429, 95325.02319433235 
ProstateX-0320tra16.jpg, 39458625, 95969.02583125453 
ProstateX-0320tra18.jpg, 39706146, 95426.80000922173 
ProstateX-0320tra2.jpg, 38422581, 94509.10995771784 
ProstateX-0320tra3.jpg, 38388243, 94464.98727570972 
ProstateX-0320tra4.jpg, 40010076, 96293.29665142845 
ProstateX-0320tra5.jpg, 38794629, 95137.79938068781 
ProstateX-0320tra6.jpg, 38615886, 95294.5665817312 
ProstateX-0320tra7.jpg, 40041657, 95948.81136835412 
ProstateX-0320tra8.jpg, 38688222, 94575.57003793315 
ProstateX-0320tra9.jpg, 38603856, 94793.3175492872 
ProstateX-0321tra0.jpg, 39926199, 95950.93316377907 
ProstateX-0321tra1.jpg, 35572041, 90823.31915868304 
ProstateX-0321tra10.jpg, 37363086, 92152.70241289726 
ProstateX-0321tra11.jpg, 35899572, 91072.54304124817 
ProstateX-0321tra12.jpg, 38745915, 94724.23287100297 
ProstateX-0321tra13.jpg, 38752161, 94677.53829182505 
ProstateX-0321tra14.jpg, 40458183, 95536.11027773739 
ProstateX-0321tra15.jpg, 39881388, 95025.08727699229 
ProstateX-0321tra16.jpg, 39914490, 95370.66448337246 
ProstateX-0321tra17.jpg, 39546639, 95932.31809458166 
ProstateX-0321tra18.jpg, 29256447, 82868.87311288841 
ProstateX-0321tra2.jpg, 35702211, 91174.79745521785 
ProstateX-0321tra3.jpg, 38464476, 94781.83303777153 
ProstateX-0321tra4.jpg, 36502782, 92649.84316230654 
ProstateX-0321tra5.jpg, 37534059, 93080.50085275648 
ProstateX-0321tra6.jpg, 39759036, 95748.99422970458 
ProstateX-0321tra7.jpg, 39589797, 95697.01931094824 
ProstateX-0321tra8.jpg, 37299870, 93619.86145044223 
ProstateX-0321tra9.jpg, 36471630, 91289.48274582346 
ProstateX-0322tra0.jpg, 38828421, 95181.34516279963 
ProstateX-0322tra1.jpg, 37415490, 93840.2305623766 
ProstateX-0322tra10.jpg, 36607644, 92840.67164772129 
ProstateX-0322tra11.jpg, 37864785, 93302.00491414963 
ProstateX-0322tra12.jpg, 38253297, 93431.60388754975 
ProstateX-0322tra13.jpg, 40156557, 94425.02316123624 
ProstateX-0322tra14.jpg, 41015145, 95081.30748469965 
ProstateX-0322tra15.jpg, 41000892, 96471.88501319957 
ProstateX-0322tra16.jpg, 41593779, 97407.42280237169 
ProstateX-0322tra17.jpg, 40598382, 97720.28281784698 
ProstateX-0322tra18.jpg, 41997597, 98390.35765256674 
ProstateX-0322tra2.jpg, 40054713, 96689.00913237243 
ProstateX-0322tra3.jpg, 37966908, 94258.58191167528 
ProstateX-0322tra4.jpg, 37285959, 93497.17523540484 
ProstateX-0322tra5.jpg, 37064919, 92632.92885901859 
ProstateX-0322tra6.jpg, 37534173, 93693.53286646843 
ProstateX-0322tra7.jpg, 36855648, 93160.27444141629 
ProstateX-0322tra8.jpg, 39147927, 95865.67119151673 
ProstateX-0322tra9.jpg, 35877588, 92156.16814950587 
ProstateX-0323tra0.jpg, 38187339, 94341.61703617338 
ProstateX-0323tra1.jpg, 36362997, 92507.89303081116 
ProstateX-0323tra10.jpg, 39427326, 95486.72023899449 
ProstateX-0323tra11.jpg, 36925347, 91889.9883937309 
ProstateX-0323tra12.jpg, 38646420, 92913.8862926312 
ProstateX-0323tra13.jpg, 39231156, 93840.36927676703 
ProstateX-0323tra14.jpg, 39877947, 95357.66521365757 
ProstateX-0323tra15.jpg, 39247395, 95041.93108833596 
ProstateX-0323tra16.jpg, 39494298, 95629.55915406073 
ProstateX-0323tra17.jpg, 40274913, 96573.65841159793 
ProstateX-0323tra18.jpg, 40888617, 96321.66704848915 
ProstateX-0323tra2.jpg, 39302064, 95255.07217991071 
ProstateX-0323tra3.jpg, 36888774, 92601.56492198174 
ProstateX-0323tra4.jpg, 39911205, 94849.50936615329 
ProstateX-0323tra5.jpg, 38242002, 93553.61918172915 
ProstateX-0323tra6.jpg, 37337934, 93112.56658475267 
ProstateX-0323tra7.jpg, 37256268, 92985.0821261131 
ProstateX-0323tra8.jpg, 35145333, 90873.52319020101 
ProstateX-0323tra9.jpg, 39205992, 94486.6686152073 
ProstateX-0324tra0.jpg, 32916471, 87766.83946115412 
ProstateX-0324tra1.jpg, 31739094, 85474.28458899203 
ProstateX-0324tra10.jpg, 36723234, 91669.13256925692 
ProstateX-0324tra11.jpg, 36869304, 92343.93679067402 
ProstateX-0324tra12.jpg, 34175556, 89373.11421227304 
ProstateX-0324tra13.jpg, 32450607, 86551.697297049 
ProstateX-0324tra14.jpg, 35799333, 90592.79274313162 
ProstateX-0324tra15.jpg, 37056030, 91943.12780191895 
ProstateX-0324tra16.jpg, 36215388, 91325.00892964643 
ProstateX-0324tra17.jpg, 35402595, 89893.19821321299 
ProstateX-0324tra18.jpg, 30118674, 83930.72507729217 
ProstateX-0324tra2.jpg, 36372978, 91497.70551221489 
ProstateX-0324tra3.jpg, 34895508, 89774.24629591718 
ProstateX-0324tra4.jpg, 36661485, 91356.15898777706 
ProstateX-0324tra5.jpg, 37284042, 91585.26532144786 
ProstateX-0324tra6.jpg, 37331661, 92099.24799367257 
ProstateX-0324tra7.jpg, 37795245, 92309.28750131268 
ProstateX-0324tra8.jpg, 37929471, 92035.00653012418 
ProstateX-0324tra9.jpg, 37656660, 92960.06058517819 
ProstateX-0325tra0.jpg, 41974734, 98920.77414779972 
ProstateX-0325tra1.jpg, 37400823, 93893.18280365194 
ProstateX-0325tra10.jpg, 39092706, 94344.2758835956 
ProstateX-0325tra11.jpg, 36673929, 92143.26835423193 
ProstateX-0325tra12.jpg, 34603098, 89950.18204539666 
ProstateX-0325tra13.jpg, 35867568, 91403.46671762511 
ProstateX-0325tra14.jpg, 36546660, 92105.71487155398 
ProstateX-0325tra15.jpg, 38057205, 93986.8718119717 
ProstateX-0325tra16.jpg, 39394707, 94899.91514748578 
ProstateX-0325tra17.jpg, 38785515, 94809.42581304877 
ProstateX-0325tra18.jpg, 36389031, 92115.5750836958 
ProstateX-0325tra19.jpg, 33868278, 88917.75344665429 
ProstateX-0325tra2.jpg, 31153626, 85958.57726835641 
ProstateX-0325tra20.jpg, 38337363, 94591.80047445973 
ProstateX-0325tra21.jpg, 37649598, 93894.45236008355 
ProstateX-0325tra22.jpg, 40484214, 96549.49098778305 
ProstateX-0325tra23.jpg, 41373750, 97990.01764465604 
ProstateX-0325tra24.jpg, 41791485, 98372.11627793721 
ProstateX-0325tra25.jpg, 40239270, 97249.70574762681 
ProstateX-0325tra26.jpg, 38870235, 95444.41804002998 
ProstateX-0325tra3.jpg, 37763091, 93816.57500143565 
ProstateX-0325tra4.jpg, 35060370, 90609.976040169 
ProstateX-0325tra5.jpg, 35684277, 91185.06056915244 
ProstateX-0325tra6.jpg, 38327163, 94451.26268610706 
ProstateX-0325tra7.jpg, 38839578, 94641.0193837746 
ProstateX-0325tra8.jpg, 36204147, 92197.77180062434 
ProstateX-0325tra9.jpg, 38310678, 93429.34311018139 
ProstateX-0326tra0.jpg, 34259505, 90814.08700746817 
ProstateX-0326tra1.jpg, 37040409, 93798.42648466978 
ProstateX-0326tra10.jpg, 29440173, 81912.42856245932 
ProstateX-0326tra11.jpg, 29950803, 82914.707410688 
ProstateX-0326tra12.jpg, 35221863, 89402.43585607721 
ProstateX-0326tra13.jpg, 30131337, 83027.17269063184 
ProstateX-0326tra14.jpg, 30639483, 84072.62116170758 
ProstateX-0326tra15.jpg, 20514921, 67126.68207948311 
ProstateX-0326tra16.jpg, 25116366, 76148.83853349308 
ProstateX-0326tra17.jpg, 19816698, 66634.69627753997 
ProstateX-0326tra18.jpg, 21493914, 69241.98861962299 
ProstateX-0326tra2.jpg, 34675941, 91101.01616886609 
ProstateX-0326tra3.jpg, 33668925, 89785.84175135854 
ProstateX-0326tra4.jpg, 22975923, 73373.74995868753 
ProstateX-0326tra5.jpg, 30447606, 84470.50255562589 
ProstateX-0326tra6.jpg, 29103453, 81554.26856394458 
ProstateX-0326tra7.jpg, 30991572, 85084.50206706271 
ProstateX-0326tra8.jpg, 33771438, 87654.65517586615 
ProstateX-0326tra9.jpg, 27149139, 77814.67265882443 
ProstateX-0327tra0.jpg, 37335510, 93516.83587461672 
ProstateX-0327tra1.jpg, 34685046, 90448.38340180548 
ProstateX-0327tra10.jpg, 37469970, 93495.63133109482 
ProstateX-0327tra11.jpg, 38582796, 94404.10248500857 
ProstateX-0327tra12.jpg, 36652440, 92209.45834349099 
ProstateX-0327tra13.jpg, 39325992, 94405.16933939581 
ProstateX-0327tra14.jpg, 39399573, 94572.21518501086 
ProstateX-0327tra15.jpg, 41268459, 97107.96604295654 
ProstateX-0327tra16.jpg, 38130750, 92846.76469322988 
ProstateX-0327tra17.jpg, 40071585, 95143.27673041327 
ProstateX-0327tra18.jpg, 33179211, 88632.60910635543 
ProstateX-0327tra2.jpg, 34336779, 90362.81169264267 
ProstateX-0327tra3.jpg, 35228961, 91341.79629829928 
ProstateX-0327tra4.jpg, 37562004, 94461.01437100917 
ProstateX-0327tra5.jpg, 35202606, 91416.1919793206 
ProstateX-0327tra6.jpg, 33981207, 89752.35985198384 
ProstateX-0327tra7.jpg, 33057048, 88127.32979047987 
ProstateX-0327tra8.jpg, 36048924, 91841.62085895479 
ProstateX-0327tra9.jpg, 38916078, 94940.58398809226 
ProstateX-0328tra0.jpg, 36517707, 91150.53485855143 
ProstateX-0328tra1.jpg, 32062791, 86083.57067989222 
ProstateX-0328tra10.jpg, 37021857, 93179.56472853906 
ProstateX-0328tra11.jpg, 38431095, 94321.16174538988 
ProstateX-0328tra12.jpg, 38342034, 94537.66703277588 
ProstateX-0328tra13.jpg, 35671899, 90994.5788000582 
ProstateX-0328tra14.jpg, 25970571, 77771.93463583119 
ProstateX-0328tra15.jpg, 28212330, 81833.70280025217 
ProstateX-0328tra16.jpg, 36770946, 91642.31532430857 
ProstateX-0328tra17.jpg, 36695175, 91034.59083776892 
ProstateX-0328tra18.jpg, 36512952, 90784.62152809803 
ProstateX-0328tra19.jpg, 38335455, 93165.48787507099 
ProstateX-0328tra2.jpg, 36890979, 93079.9830736985 
ProstateX-0328tra20.jpg, 33622263, 88324.04207802087 
ProstateX-0328tra3.jpg, 36081090, 92102.03724131187 
ProstateX-0328tra4.jpg, 35806710, 91651.58067376689 
ProstateX-0328tra5.jpg, 34745397, 90794.40459081165 
ProstateX-0328tra6.jpg, 40052358, 96455.23733836334 
ProstateX-0328tra7.jpg, 38466366, 94381.13759644986 
ProstateX-0328tra8.jpg, 39811191, 95491.92676347043 
ProstateX-0328tra9.jpg, 37922634, 94139.32326079256 
ProstateX-0329tra0.jpg, 35005524, 90342.28372141143 
ProstateX-0329tra1.jpg, 30425907, 83317.56658112381 
ProstateX-0329tra10.jpg, 35452638, 90976.37105314764 
ProstateX-0329tra11.jpg, 35264013, 90318.20774904692 
ProstateX-0329tra12.jpg, 33778737, 88190.08670479919 
ProstateX-0329tra13.jpg, 33060987, 87624.69629619266 
ProstateX-0329tra14.jpg, 35732256, 90863.36033847746 
ProstateX-0329tra15.jpg, 36794229, 91447.37649052596 
ProstateX-0329tra16.jpg, 38339397, 93124.46021856986 
ProstateX-0329tra17.jpg, 39203631, 94132.71729319196 
ProstateX-0329tra18.jpg, 38082729, 92063.07271104956 
ProstateX-0329tra2.jpg, 36598311, 90878.22364571174 
ProstateX-0329tra3.jpg, 36354372, 90693.46341385359 
ProstateX-0329tra4.jpg, 35867331, 90967.52341907522 
ProstateX-0329tra5.jpg, 37174929, 91494.38571300427 
ProstateX-0329tra6.jpg, 36115506, 91825.05426080618 
ProstateX-0329tra7.jpg, 37494147, 92448.18725643029 
ProstateX-0329tra8.jpg, 38022543, 93776.70232525773 
ProstateX-0329tra9.jpg, 38163768, 93303.34910387729 
ProstateX-0330tra0.jpg, 33217422, 87864.70690783643 
ProstateX-0330tra1.jpg, 35696892, 90907.601464344 
ProstateX-0330tra10.jpg, 38357265, 93837.20892588398 
ProstateX-0330tra11.jpg, 39811503, 94912.70197923985 
ProstateX-0330tra12.jpg, 33156540, 88730.92945529197 
ProstateX-0330tra13.jpg, 39277974, 94822.79814474998 
ProstateX-0330tra14.jpg, 40395726, 96354.36141659597 
ProstateX-0330tra15.jpg, 40616925, 96429.62072413227 
ProstateX-0330tra16.jpg, 38429646, 93511.66260953764 
ProstateX-0330tra17.jpg, 36127374, 91596.19147104316 
ProstateX-0330tra18.jpg, 35592687, 91465.24954866739 
ProstateX-0330tra19.jpg, 39036348, 95162.13260535937 
ProstateX-0330tra2.jpg, 37116237, 92922.42165914533 
ProstateX-0330tra20.jpg, 35722032, 91411.16819076322 
ProstateX-0330tra3.jpg, 33467307, 88182.86175329081 
ProstateX-0330tra4.jpg, 35936880, 91431.52838053185 
ProstateX-0330tra5.jpg, 37566348, 92806.82666700764 
ProstateX-0330tra6.jpg, 36750372, 92370.89239581914 
ProstateX-0330tra7.jpg, 37459968, 93222.40667350312 
ProstateX-0330tra8.jpg, 36373914, 92170.49292479671 
ProstateX-0330tra9.jpg, 37977264, 93421.05969212724 
ProstateX-0331tra0.jpg, 33621726, 88846.64686976094 
ProstateX-0331tra1.jpg, 28666236, 81582.09866140978 
ProstateX-0331tra10.jpg, 35697792, 90836.70988097269 
ProstateX-0331tra11.jpg, 32785791, 87383.8392438785 
ProstateX-0331tra12.jpg, 34739907, 89237.84019685819 
ProstateX-0331tra13.jpg, 31088610, 85417.23457242103 
ProstateX-0331tra14.jpg, 34875687, 89817.2255249515 
ProstateX-0331tra15.jpg, 34631598, 89448.94925039646 
ProstateX-0331tra16.jpg, 38203041, 94176.70356834539 
ProstateX-0331tra17.jpg, 39100839, 94608.51716943883 
ProstateX-0331tra18.jpg, 38126559, 94239.46970882211 
ProstateX-0331tra2.jpg, 33180612, 87780.8033797823 
ProstateX-0331tra3.jpg, 35233956, 90709.11809735557 
ProstateX-0331tra4.jpg, 38010036, 93132.97899240634 
ProstateX-0331tra5.jpg, 38576187, 94157.35294176446 
ProstateX-0331tra6.jpg, 37635924, 93154.24888860411 
ProstateX-0331tra7.jpg, 36218244, 91915.18632957233 
ProstateX-0331tra8.jpg, 31214940, 85576.28460034942 
ProstateX-0331tra9.jpg, 37597737, 92618.72746372626 
ProstateX-0332tra0.jpg, 34664874, 89749.69723625813 
ProstateX-0332tra1.jpg, 27466137, 78672.79028355356 
ProstateX-0332tra10.jpg, 36576711, 91452.83195724449 
ProstateX-0332tra11.jpg, 30192672, 83284.14856381735 
ProstateX-0332tra12.jpg, 34754517, 89575.62894560104 
ProstateX-0332tra13.jpg, 33809853, 88195.55255793798 
ProstateX-0332tra14.jpg, 36223131, 89937.9663712717 
ProstateX-0332tra15.jpg, 35614266, 90183.53748883441 
ProstateX-0332tra16.jpg, 36031335, 90494.67405875331 
ProstateX-0332tra17.jpg, 37133124, 92411.79275395538 
ProstateX-0332tra18.jpg, 35015187, 89431.52137250043 
ProstateX-0332tra19.jpg, 35747283, 90645.58910945419 
ProstateX-0332tra2.jpg, 33812115, 87995.81782675811 
ProstateX-0332tra20.jpg, 32582502, 87649.56221225523 
ProstateX-0332tra3.jpg, 35573085, 89640.03341699511 
ProstateX-0332tra4.jpg, 34596855, 89227.17134931489 
ProstateX-0332tra5.jpg, 37387239, 92212.57619760983 
ProstateX-0332tra6.jpg, 36853488, 91252.81835647598 
ProstateX-0332tra7.jpg, 36407322, 91924.38847226562 
ProstateX-0332tra8.jpg, 33896466, 89074.26880979714 
ProstateX-0332tra9.jpg, 36933495, 91688.50475932084 
ProstateX-0333tra0.jpg, 33238968, 88172.59084318664 
ProstateX-0333tra1.jpg, 29255460, 82558.34849365629 
ProstateX-0333tra10.jpg, 36220854, 90762.69977253872 
ProstateX-0333tra11.jpg, 35278749, 90327.28855113497 
ProstateX-0333tra12.jpg, 39192477, 94517.39825555928 
ProstateX-0333tra13.jpg, 37079535, 92479.98740808739 
ProstateX-0333tra14.jpg, 33728700, 88190.35256761365 
ProstateX-0333tra15.jpg, 36478137, 91053.71427349902 
ProstateX-0333tra16.jpg, 34419807, 88684.43620500725 
ProstateX-0333tra17.jpg, 36762216, 90080.41730587176 
ProstateX-0333tra18.jpg, 35502207, 90024.15604158698 
ProstateX-0333tra2.jpg, 33599214, 88740.02160243144 
ProstateX-0333tra3.jpg, 30985563, 85242.37141820962 
ProstateX-0333tra4.jpg, 29477859, 83255.80799559872 
ProstateX-0333tra5.jpg, 34749642, 90334.04716938127 
ProstateX-0333tra6.jpg, 36793851, 92759.40033764772 
ProstateX-0333tra7.jpg, 38353434, 93842.27733809533 
ProstateX-0333tra8.jpg, 36013263, 91204.5145757599 
ProstateX-0333tra9.jpg, 36674229, 92162.33257139275 
ProstateX-0334tra0.jpg, 32157108, 86719.82700628502 
ProstateX-0334tra1.jpg, 37929138, 93865.39458181593 
ProstateX-0334tra10.jpg, 33181614, 88140.44829702195 
ProstateX-0334tra11.jpg, 38293209, 94258.55401500704 
ProstateX-0334tra12.jpg, 36338448, 91098.45178706387 
ProstateX-0334tra13.jpg, 41182578, 95976.61830883603 
ProstateX-0334tra14.jpg, 40372689, 96700.3429311396 
ProstateX-0334tra15.jpg, 39316809, 95013.59852673722 
ProstateX-0334tra16.jpg, 40454025, 96143.25035591422 
ProstateX-0334tra17.jpg, 38951520, 95402.28154504483 
ProstateX-0334tra18.jpg, 38970048, 94528.42674031976 
ProstateX-0334tra2.jpg, 34343298, 89801.53340561618 
ProstateX-0334tra3.jpg, 36496467, 92810.01315052164 
ProstateX-0334tra4.jpg, 35838969, 91630.2273433827 
ProstateX-0334tra5.jpg, 38192238, 94833.74098916483 
ProstateX-0334tra6.jpg, 34140081, 89614.22422249719 
ProstateX-0334tra7.jpg, 34309512, 89648.32237136399 
ProstateX-0334tra8.jpg, 31279338, 85788.22674469964 
ProstateX-0334tra9.jpg, 35121435, 90736.14342146133 
ProstateX-0335tra0.jpg, 31244640, 84448.08530689136 
ProstateX-0335tra1.jpg, 35247432, 89401.00157157077 
ProstateX-0335tra10.jpg, 33968358, 87774.64744446428 
ProstateX-0335tra11.jpg, 33677595, 87430.96837505576 
ProstateX-0335tra12.jpg, 35923458, 91098.55423660685 
ProstateX-0335tra13.jpg, 36268302, 90921.95203579827 
ProstateX-0335tra14.jpg, 35034519, 88948.4114023404 
ProstateX-0335tra15.jpg, 35347269, 89159.70227070074 
ProstateX-0335tra16.jpg, 36238782, 90222.12256425804 
ProstateX-0335tra18.jpg, 38084712, 92616.22586782512 
ProstateX-0335tra19.jpg, 36675174, 91170.12214536076 
ProstateX-0335tra2.jpg, 38647854, 93062.36624973599 
ProstateX-0335tra20.jpg, 31729779, 85359.18936470753 
ProstateX-0335tra3.jpg, 36754680, 90386.99523714681 
ProstateX-0335tra4.jpg, 32847477, 86760.45717376091 
ProstateX-0335tra5.jpg, 37225122, 91753.32529123944 
ProstateX-0335tra6.jpg, 37435725, 91578.2913085847 
ProstateX-0335tra7.jpg, 35730816, 89623.73841789908 
ProstateX-0335tra8.jpg, 38122377, 92749.55990731169 
ProstateX-0335tra9.jpg, 38051841, 92883.32075781959 
ProstateX-0336tra0.jpg, 32805549, 87356.3373030257 
ProstateX-0336tra1.jpg, 34810128, 90252.64096966914 
ProstateX-0336tra10.jpg, 37005930, 92869.91892965128 
ProstateX-0336tra11.jpg, 38097480, 93520.52802460003 
ProstateX-0336tra13.jpg, 36462846, 91645.37477690841 
ProstateX-0336tra14.jpg, 38368242, 93281.05888121125 
ProstateX-0336tra15.jpg, 39063813, 93437.26059233543 
ProstateX-0336tra16.jpg, 39993837, 94406.80085142172 
ProstateX-0336tra17.jpg, 40322055, 94572.74706277702 
ProstateX-0336tra18.jpg, 39420540, 93812.69017568999 
ProstateX-0336tra19.jpg, 39502794, 94163.9520517273 
ProstateX-0336tra2.jpg, 32834343, 88293.25914813655 
ProstateX-0336tra20.jpg, 39762342, 93870.29443865616 
ProstateX-0336tra3.jpg, 30929475, 85269.88762159829 
ProstateX-0336tra4.jpg, 33608052, 88808.1681716271 
ProstateX-0336tra5.jpg, 28485522, 81731.13224469608 
ProstateX-0336tra6.jpg, 29539071, 82874.51004380056 
ProstateX-0336tra7.jpg, 35657370, 91046.31290722321 
ProstateX-0336tra8.jpg, 36730704, 91982.82745164991 
ProstateX-0336tra9.jpg, 35520111, 91161.0613749094 
ProstateX-0337tra0.jpg, 34993356, 90679.93027125683 
ProstateX-0337tra1.jpg, 37097622, 93002.43490360884 
ProstateX-0337tra10.jpg, 39094398, 94392.84419912349 
ProstateX-0337tra11.jpg, 38023161, 93313.98298754587 
ProstateX-0337tra12.jpg, 37792230, 92790.59783189243 
ProstateX-0337tra13.jpg, 39745350, 94273.66450923608 
ProstateX-0337tra14.jpg, 37104726, 91867.43196584958 
ProstateX-0337tra15.jpg, 34544649, 88837.85208457035 
ProstateX-0337tra16.jpg, 36307212, 90572.27115403478 
ProstateX-0337tra17.jpg, 38082540, 93571.33503375914 
ProstateX-0337tra18.jpg, 38651454, 93413.39286205164 
ProstateX-0337tra19.jpg, 38559156, 93301.21288600701 
ProstateX-0337tra2.jpg, 33552819, 88397.28040499889 
ProstateX-0337tra20.jpg, 36668337, 92559.18393654948 
ProstateX-0337tra3.jpg, 35933856, 91567.31166742857 
ProstateX-0337tra4.jpg, 38765520, 94323.68542418176 
ProstateX-0337tra5.jpg, 39380139, 95124.49755452063 
ProstateX-0337tra6.jpg, 38206641, 94124.41778305988 
ProstateX-0337tra7.jpg, 39212385, 95090.07356711845 
ProstateX-0337tra8.jpg, 35558793, 91544.18688808155 
ProstateX-0337tra9.jpg, 38605806, 94309.58568459518 
ProstateX-0338tra0.jpg, 38107914, 94464.23084956549 
ProstateX-0338tra1.jpg, 34760772, 90283.86649894874 
ProstateX-0338tra10.jpg, 38620056, 94385.58438660005 
ProstateX-0338tra11.jpg, 36129174, 91531.06852866954 
ProstateX-0338tra12.jpg, 35573751, 90806.78654704173 
ProstateX-0338tra13.jpg, 37149651, 91900.3116480026 
ProstateX-0338tra14.jpg, 36899418, 91646.3659181312 
ProstateX-0338tra15.jpg, 37919496, 92493.49672274262 
ProstateX-0338tra16.jpg, 38006862, 92910.27765538105 
ProstateX-0338tra17.jpg, 35788485, 90621.56106026865 
ProstateX-0338tra18.jpg, 38215440, 93663.65374039175 
ProstateX-0338tra2.jpg, 36459852, 93200.55446187002 
ProstateX-0338tra3.jpg, 38838969, 95830.80388371997 
ProstateX-0338tra4.jpg, 32695992, 88409.50512246972 
ProstateX-0338tra5.jpg, 39388446, 96153.75206407704 
ProstateX-0338tra6.jpg, 35871420, 91386.15517681002 
ProstateX-0338tra7.jpg, 39237357, 94889.14762500505 
ProstateX-0338tra8.jpg, 37986945, 93507.08020786448 
ProstateX-0338tra9.jpg, 39310566, 95225.9450570064 
ProstateX-0339tra0.jpg, 37662654, 91873.88833613171 
ProstateX-0339tra1.jpg, 36848292, 92392.05553509458 
ProstateX-0339tra10.jpg, 36887757, 92451.5039412556 
ProstateX-0339tra11.jpg, 36224010, 91306.85306153093 
ProstateX-0339tra12.jpg, 34624725, 89378.2495856794 
ProstateX-0339tra13.jpg, 35334324, 90136.11107652693 
ProstateX-0339tra14.jpg, 36451056, 90719.45347057597 
ProstateX-0339tra15.jpg, 37789671, 92434.59217738779 
ProstateX-0339tra16.jpg, 37022604, 91480.17303219315 
ProstateX-0339tra17.jpg, 32069202, 86536.88715224277 
ProstateX-0339tra18.jpg, 37243956, 92028.68004051781 
ProstateX-0339tra2.jpg, 34566249, 90037.08837473589 
ProstateX-0339tra4.jpg, 30946878, 84907.07896282854 
ProstateX-0339tra5.jpg, 31287981, 85577.65275467656 
ProstateX-0339tra6.jpg, 33986541, 89005.04531204958 
ProstateX-0339tra7.jpg, 34780278, 89945.72013164384 
ProstateX-0339tra8.jpg, 31163190, 84812.47180692236 
ProstateX-0339tra9.jpg, 33051297, 87594.51097528885 
ProstateX-0340tra0.jpg, 36670911, 91095.2139302609 
ProstateX-0340tra1.jpg, 35511738, 90267.99495945394 
ProstateX-0340tra10.jpg, 35645775, 90884.15596241184 
ProstateX-0340tra11.jpg, 35667837, 91215.47482198401 
ProstateX-0340tra12.jpg, 30065859, 84104.97456750106 
ProstateX-0340tra13.jpg, 22202598, 71329.1503103745 
ProstateX-0340tra14.jpg, 29470491, 83068.26829180923 
ProstateX-0340tra15.jpg, 30902853, 84906.76338784797 
ProstateX-0340tra16.jpg, 34744008, 90307.64376286206 
ProstateX-0340tra17.jpg, 37775700, 93494.09142828225 
ProstateX-0340tra18.jpg, 35663982, 91366.22187657756 
ProstateX-0340tra19.jpg, 36247278, 92385.66064059941 
ProstateX-0340tra2.jpg, 33546093, 88850.97916736765 
ProstateX-0340tra20.jpg, 36638928, 93086.46657812294 
ProstateX-0340tra3.jpg, 34636098, 89438.34858716925 
ProstateX-0340tra4.jpg, 35896215, 91078.21320711117 
ProstateX-0340tra5.jpg, 35757234, 90629.3555091285 
ProstateX-0340tra6.jpg, 36071112, 90783.75471415577 
ProstateX-0340tra7.jpg, 36138609, 90743.7964987139 
ProstateX-0340tra8.jpg, 38914497, 93632.05795559553 
ProstateX-0340tra9.jpg, 37138236, 91883.70282046757 
ProstateX-0341tra0.jpg, 26727984, 78973.06985295683 
ProstateX-0341tra1.jpg, 27334821, 79702.06620282814 
ProstateX-0341tra10.jpg, 34096584, 90065.30620610803 
ProstateX-0341tra11.jpg, 38230173, 95111.36750672865 
ProstateX-0341tra12.jpg, 39249678, 95258.8490692597 
ProstateX-0341tra13.jpg, 36444165, 91028.72995378987 
ProstateX-0341tra14.jpg, 36847977, 91637.13872115388 
ProstateX-0341tra15.jpg, 34540014, 88702.99265526501 
ProstateX-0341tra17.jpg, 35804595, 89589.24545390479 
ProstateX-0341tra18.jpg, 36699576, 91279.78033496795 
ProstateX-0341tra19.jpg, 37197648, 91726.36533734453 
ProstateX-0341tra2.jpg, 37147866, 93651.95532395467 
ProstateX-0341tra20.jpg, 36808821, 91978.08182931409 
ProstateX-0341tra3.jpg, 30117447, 84042.43183654314 
ProstateX-0341tra4.jpg, 35597658, 91327.78856405098 
ProstateX-0341tra5.jpg, 35694402, 91651.43642082212 
ProstateX-0341tra6.jpg, 34571775, 89896.4968672306 
ProstateX-0341tra7.jpg, 35393118, 90856.60479018572 
ProstateX-0341tra8.jpg, 34137174, 89641.62210714395 
ProstateX-0341tra9.jpg, 36641202, 92601.81962575033 
ProstateX-0342tra0.jpg, 34747506, 88799.77513485042 
ProstateX-0342tra1.jpg, 30380748, 83197.02703823015 
ProstateX-0342tra10.jpg, 35056515, 90012.10496927622 
ProstateX-0342tra11.jpg, 35617569, 90348.25788580542 
ProstateX-0342tra12.jpg, 37456788, 91483.10407938725 
ProstateX-0342tra13.jpg, 33580626, 87364.82342453397 
ProstateX-0342tra14.jpg, 32260830, 86207.21627566917 
ProstateX-0342tra15.jpg, 32775225, 86565.14084202716 
ProstateX-0342tra16.jpg, 28618773, 80620.10347921912 
ProstateX-0342tra17.jpg, 31512675, 84918.92458692586 
ProstateX-0342tra18.jpg, 30410106, 83041.43246596845 
ProstateX-0342tra2.jpg, 30580143, 83364.64432239845 
ProstateX-0342tra3.jpg, 31513578, 85214.05429857214 
ProstateX-0342tra4.jpg, 32551611, 86507.10089351048 
ProstateX-0342tra5.jpg, 34921356, 89347.45042809 
ProstateX-0342tra6.jpg, 35831052, 90853.35932149124 
ProstateX-0342tra7.jpg, 35068188, 89617.88482217152 
ProstateX-0342tra8.jpg, 32892081, 87343.84598241595 
ProstateX-0342tra9.jpg, 39153537, 92527.4139214968 
ProstateX-0343tra0.jpg, 40700367, 95544.97840807753 
ProstateX-0343tra1.jpg, 34078887, 89075.91868176269 
ProstateX-0343tra10.jpg, 34339833, 89374.45002348266 
ProstateX-0343tra11.jpg, 36114597, 91362.77876137524 
ProstateX-0343tra12.jpg, 38223669, 92958.44486113136 
ProstateX-0343tra13.jpg, 34698975, 89716.30569188636 
ProstateX-0343tra14.jpg, 36283377, 91198.53069540102 
ProstateX-0343tra15.jpg, 32652582, 87024.08239102553 
ProstateX-0343tra16.jpg, 35324016, 89991.35221786592 
ProstateX-0343tra17.jpg, 37730208, 92417.33600358755 
ProstateX-0343tra18.jpg, 37450113, 92022.9910457164 
ProstateX-0343tra19.jpg, 37826448, 92505.64330893548 
ProstateX-0343tra2.jpg, 33087912, 87869.0254981811 
ProstateX-0343tra20.jpg, 39174576, 92889.04817038444 
ProstateX-0343tra3.jpg, 35627211, 90636.27166317026 
ProstateX-0343tra4.jpg, 37814622, 93341.53075667872 
ProstateX-0343tra5.jpg, 38675718, 93166.1092672652 
ProstateX-0343tra6.jpg, 38844702, 93327.56338831525 
ProstateX-0343tra7.jpg, 36839784, 91834.3157757491 
ProstateX-0343tra8.jpg, 35244177, 90547.0515312343 
ProstateX-0343tra9.jpg, 37632747, 92712.52651610784 
ProstateX-0344tra0.jpg, 33426297, 88179.61783201377 
ProstateX-0344tra1.jpg, 35532285, 91652.6669497402 
ProstateX-0344tra10.jpg, 37673154, 92584.69884381544 
ProstateX-0344tra11.jpg, 39276423, 94101.69499536126 
ProstateX-0344tra12.jpg, 39578142, 93911.9008752352 
ProstateX-0344tra13.jpg, 39651420, 94882.65485324491 
ProstateX-0344tra14.jpg, 38726709, 93507.37216391016 
ProstateX-0344tra15.jpg, 38673405, 94106.12467315824 
ProstateX-0344tra16.jpg, 38642958, 93583.25298898302 
ProstateX-0344tra17.jpg, 39079086, 94168.99206214325 
ProstateX-0344tra18.jpg, 39679071, 95196.56017419958 
ProstateX-0344tra2.jpg, 33003003, 88133.1649323908 
ProstateX-0344tra3.jpg, 31075956, 85812.45699780423 
ProstateX-0344tra4.jpg, 37007967, 93667.32179901376 
ProstateX-0344tra5.jpg, 37997517, 93521.81194245543 
ProstateX-0344tra6.jpg, 35238747, 89997.47548126003 
ProstateX-0344tra7.jpg, 35530884, 90855.02293214173 
ProstateX-0344tra8.jpg, 36923715, 92405.37404826627 
ProstateX-0344tra9.jpg, 38532714, 94325.00562417158 
ProstateX-0345tra0.jpg, 36190146, 91643.70423547926 
ProstateX-0345tra1.jpg, 35842350, 91703.4279948138 
ProstateX-0345tra10.jpg, 38933004, 94268.45764093098 
ProstateX-0345tra11.jpg, 38264196, 93778.21620184509 
ProstateX-0345tra12.jpg, 39994722, 95717.95047952082 
ProstateX-0345tra13.jpg, 39436968, 95743.67949896223 
ProstateX-0345tra14.jpg, 39558843, 95501.08397814132 
ProstateX-0345tra15.jpg, 38317857, 94657.99197637777 
ProstateX-0345tra16.jpg, 38366415, 93552.04956065901 
ProstateX-0345tra17.jpg, 39294387, 94584.41282262105 
ProstateX-0345tra18.jpg, 40338951, 95191.31273913602 
ProstateX-0345tra19.jpg, 37134918, 92774.13941395523 
ProstateX-0345tra2.jpg, 31435233, 85663.2092966403 
ProstateX-0345tra20.jpg, 38475489, 94899.30875933713 
ProstateX-0345tra3.jpg, 35386269, 91552.65394842468 
ProstateX-0345tra4.jpg, 41709312, 98907.207664558 
ProstateX-0345tra5.jpg, 35383761, 91397.50566071265 
ProstateX-0345tra6.jpg, 39305514, 96040.19283612461 
ProstateX-0345tra7.jpg, 35227815, 90723.11183485716 
ProstateX-0345tra8.jpg, 38551326, 94486.81085738898 
ProstateX-0345tra9.jpg, 38073123, 93578.15570420268 
